Date,Subways: Total Estimated Ridership,Subways: % of Comparable Pre-Pandemic Day,Buses: Total Estimated Ridership,Buses: % of Comparable Pre-Pandemic Day,LIRR: Total Estimated Ridership,LIRR: % of Comparable Pre-Pandemic Day,Metro-North: Total Estimated Ridership,Metro-North: % of Comparable Pre-Pandemic Day,Access-A-Ride: Total Scheduled Trips,Access-A-Ride: % of Comparable Pre-Pandemic Day,Bridges and Tunnels: Total Traffic,Bridges and Tunnels: % of Comparable Pre-Pandemic Day,Staten Island Railway: Total Estimated Ridership,Staten Island Railway: % of Comparable Pre-Pandemic Day
12/7/2021,3367790,0.63,1453136,0.73,153749,0.49,131034,0.47,23262,0.8,883027,1,7367,0.47
12/6/2021,3135869,0.59,1394230,0.7,154970,0.49,127261,0.46,21761,0.75,865595,0.98,6687,0.43
12/5/2021,1737352,0.68,665129,0.68,72716,0.68,60526,0.56,12541,0.7,818544,1.03,193,0.06
12/4/2021,2318147,0.7,864764,0.68,91477,0.71,81392,0.52,13317,0.77,864918,0.98,56,0.01
12/3/2021,3374097,0.63,1419078,0.71,144500,0.46,119425,0.43,22518,0.77,940827,1.06,6442,0.41
12/2/2021,3358843,0.63,1449142,0.72,154723,0.49,127509,0.46,22540,0.77,923179,1.04,7290,0.47
12/1/2021,3326469,0.62,1463384,0.73,163163,0.52,136126,0.49,23347,0.8,899319,1.02,7266,0.47
11/30/2021,3207209,0.57,1432539,0.65,166738,0.51,136630,0.48,22469,0.72,897216,0.95,7124,0.42
11/29/2021,2996015,0.53,1381661,0.63,166154,0.51,132499,0.46,21124,0.68,900399,0.95,6692,0.39
11/28/2021,1465745,0.58,592081,0.59,75197,0.8,65128,0.63,10481,0.56,825585,1,1669,0.54
11/27/2021,1880422,0.6,750986,0.57,83676,0.73,76112,0.5,10620,0.63,850980,0.94,2216,0.64
11/26/2021,2089772,0.83,843588,0.85,128452,1.36,108747,1.04,11077,0.35,789915,0.96,3205,1.04
11/25/2021,1357198,0.54,509782,0.51,125417,1.33,69945,0.67,15459,0.5,861084,1.05,1990,0.65
11/24/2021,3085289,0.55,1343391,0.61,165349,0.5,139391,0.49,21002,0.67,992568,1.05,6589,0.39
11/23/2021,3286591,0.58,1424890,0.65,162241,0.49,136563,0.48,22574,0.72,989345,1.05,7194,0.42
11/22/2021,3130363,0.56,1418226,0.65,156874,0.48,127777,0.45,21441,0.69,901942,0.96,6896,0.41
11/21/2021,1674206,0.66,674551,0.68,80467,0.85,66860,0.64,12774,0.68,841901,1.02,1827,0.6
11/20/2021,2135731,0.68,861772,0.65,94412,0.82,82895,0.55,13195,0.78,915131,1.01,2367,0.68
11/19/2021,3316999,0.59,1429787,0.65,151795,0.46,127093,0.44,22662,0.73,987149,1.05,6842,0.4
11/18/2021,3412249,0.61,1505488,0.69,157433,0.48,132632,0.46,24071,0.77,959226,1.02,7511,0.44
11/17/2021,3369069,0.6,1501740,0.69,158372,0.48,131113,0.46,24396,0.78,915266,0.97,7453,0.44
11/16/2021,3340844,0.59,1492110,0.68,161362,0.49,137235,0.48,23694,0.76,902386,0.96,7472,0.44
11/15/2021,3110969,0.55,1437414,0.66,160952,0.49,132234,0.46,22208,0.71,890524,0.94,6792,0.4
11/14/2021,1703136,0.68,657129,0.66,72488,0.77,62856,0.6,12460,0.66,858311,1.04,1772,0.58
11/13/2021,2169863,0.69,815114,0.62,80829,0.7,74296,0.49,13124,0.77,869112,0.96,2286,0.66
11/12/2021,3158682,0.56,1350608,0.62,141671,0.43,117650,0.41,21598,0.69,919941,0.98,6082,0.36
11/11/2021,2922235,1.16,1198235,1.2,143386,1.52,122940,1.18,19846,0.64,895643,1.09,5493,1.79
11/10/2021,3351992,0.59,1514453,0.69,159254,0.48,134401,0.47,24608,0.79,926005,0.98,7445,0.44
11/9/2021,3279457,0.58,1518264,0.69,157181,0.48,134070,0.47,24504,0.78,898518,0.95,7677,0.45
11/8/2021,3065533,0.54,1461178,0.67,159723,0.49,131127,0.46,22136,0.71,889544,0.94,6921,0.41
11/7/2021,1888985,0.75,614513,0.62,81181,0.86,72175,0.69,10647,0.57,780686,0.95,2978,0.97
11/6/2021,2195864,0.69,864499,0.66,84943,0.74,80784,0.53,13672,0.81,910587,1,2410,0.7
11/5/2021,3293438,0.58,1457014,0.67,150227,0.46,121824,0.43,23009,0.74,966007,1.02,6769,0.4
11/4/2021,3284315,0.58,1486942,0.68,151353,0.46,126533,0.44,24009,0.77,931012,0.99,7210,0.42
11/3/2021,3293732,0.58,1507287,0.69,154203,0.47,130955,0.46,23349,0.75,901230,0.96,7371,0.43
11/2/2021,2848222,0.51,1258180,0.57,147832,0.45,129297,0.45,22016,0.71,853432,0.9,5679,0.33
11/1/2021,3034306,0.54,1448304,0.66,158356,0.48,131251,0.46,21387,0.69,898451,0.95,6783,0.4
10/31/2021,1746769,0.71,656203,0.66,68674,0.75,66301,0.63,12233,0.67,824978,0.98,1910,0.51
10/30/2021,2044310,0.61,819620,0.59,76471,0.67,69281,0.45,12642,0.72,854656,0.9,2177,0.48
10/29/2021,3251779,0.57,1426938,0.63,153317,0.49,122632,0.42,22477,0.75,963442,1.04,6597,0.37
10/28/2021,3365971,0.59,1515489,0.67,159574,0.51,132171,0.45,24814,0.83,959835,1.03,7605,0.43
10/27/2021,3300580,0.57,1503535,0.67,155865,0.5,129881,0.45,24144,0.81,914494,0.99,7054,0.4
10/26/2021,2702635,0.47,1233660,0.55,130109,0.41,104517,0.36,21220,0.71,738636,0.8,5278,0.3
10/25/2021,2994936,0.52,1461023,0.65,158330,0.5,125755,0.43,21724,0.73,883887,0.95,7026,0.39
10/24/2021,1599927,0.65,659283,0.66,69611,0.76,68154,0.65,12314,0.67,883371,1.05,1908,0.51
10/23/2021,2077488,0.62,847596,0.61,74720,0.66,82865,0.54,13556,0.77,914737,0.97,2243,0.49
10/22/2021,3225816,0.56,1471199,0.65,145810,0.46,126555,0.44,22843,0.77,986548,1.06,6297,0.35
10/21/2021,3267697,0.57,1476434,0.65,149850,0.48,127259,0.44,24007,0.81,948652,1.02,7498,0.42
10/20/2021,3234327,0.56,1525608,0.68,155242,0.49,131127,0.45,24474,0.82,916246,0.99,7148,0.4
10/19/2021,3178208,0.55,1510722,0.67,153382,0.49,129994,0.45,23403,0.79,899389,0.97,7250,0.41
10/18/2021,2982883,0.52,1461843,0.65,153681,0.49,127382,0.44,21454,0.72,889996,0.96,6810,0.38
10/17/2021,1629991,0.66,663944,0.66,74826,0.82,69730,0.66,12564,0.68,891527,1.06,1853,0.49
10/16/2021,2042027,0.61,856990,0.62,83415,0.74,74914,0.49,13307,0.75,896392,0.95,2369,0.52
10/15/2021,3227068,0.56,1491099,0.66,150932,0.48,124655,0.43,23251,0.78,990940,1.07,6786,0.38
10/14/2021,3240686,0.56,1527543,0.68,154572,0.49,126816,0.44,24144,0.81,952876,1.03,7386,0.41
10/13/2021,3157457,0.55,1511356,0.67,151319,0.48,124791,0.43,24396,0.82,907632,0.98,7198,0.4
10/12/2021,3102879,0.54,1514608,0.67,154602,0.49,128195,0.44,23848,0.8,910639,0.98,7292,0.41
10/11/2021,2263615,0.39,1045865,0.46,131714,0.42,114458,0.39,16917,0.57,878443,0.95,3883,0.22
10/10/2021,1499385,0.61,601821,0.6,65636,0.72,59050,0.56,11794,0.64,806025,0.95,166,0.04
10/9/2021,2052699,0.62,856308,0.62,84631,0.75,81970,0.54,13634,0.77,919384,0.97,47,0.01
10/8/2021,3168473,0.55,1473912,0.65,153755,0.49,123609,0.43,23356,0.78,1001210,1.08,6660,0.37
10/7/2021,3190747,0.56,1523168,0.68,150072,0.48,121407,0.42,24571,0.83,951212,1.02,7298,0.41
10/6/2021,3140986,0.55,1532668,0.68,149640,0.48,123098,0.42,24677,0.83,913993,0.98,6972,0.39
10/5/2021,3091160,0.54,1499767,0.67,150226,0.48,124670,0.43,23644,0.79,887129,0.96,7027,0.39
10/4/2021,2864349,0.5,1419155,0.63,152598,0.49,121256,0.42,21794,0.73,871945,0.94,6591,0.37
10/3/2021,1575738,0.64,673253,0.67,74851,0.82,66759,0.63,12936,0.7,887540,1.05,1904,0.5
10/2/2021,2063660,0.62,883902,0.63,86563,0.76,80946,0.53,14145,0.8,923455,0.98,2562,0.56
10/1/2021,3162881,0.55,1492942,0.66,140003,0.45,116182,0.4,23098,0.78,985786,1.06,6325,0.35
9/30/2021,3146861,0.55,1516081,0.65,144838,0.44,121842,0.42,23555,0.79,953501,1,7104,0.42
9/29/2021,3063720,0.53,1513184,0.65,137483,0.42,120032,0.42,23323,0.79,886785,0.93,6789,0.4
9/28/2021,2927715,0.51,1457421,0.63,141188,0.43,118253,0.41,21727,0.73,831192,0.87,6827,0.4
9/27/2021,2873368,0.5,1489441,0.64,146154,0.45,121534,0.42,21209,0.71,881116,0.93,6715,0.39
9/26/2021,1614677,0.63,657257,0.6,80069,0.81,64937,0.62,12034,0.7,895286,1.01,2238,0.77
9/25/2021,2129492,0.66,872490,0.62,88460,0.75,81282,0.53,13909,0.81,953628,1,2719,0.66
9/24/2021,3121747,0.54,1469705,0.63,142827,0.44,116730,0.4,21941,0.74,986694,1.04,6294,0.37
9/23/2021,3016106,0.52,1483075,0.64,140127,0.43,115473,0.4,23031,0.78,915198,0.96,6724,0.39
9/22/2021,3021113,0.52,1506211,0.65,139853,0.43,120056,0.42,23157,0.78,872883,0.92,6812,0.4
9/21/2021,3018312,0.52,1505803,0.65,142672,0.44,123923,0.43,22399,0.75,860050,0.9,6998,0.41
9/20/2021,2883211,0.5,1481676,0.64,148068,0.45,122101,0.42,21889,0.74,895109,0.94,6548,0.38
9/19/2021,1596823,0.63,674024,0.61,69397,0.7,64139,0.61,12612,0.73,914623,1.03,1897,0.65
9/18/2021,2014848,0.63,871175,0.62,77267,0.65,76288,0.5,14054,0.82,949178,0.99,2582,0.62
9/17/2021,3028545,0.52,1456201,0.63,142120,0.43,119349,0.41,23282,0.78,982085,1.03,6131,0.36
9/16/2021,2534545,0.44,1210069,0.52,127995,0.39,107680,0.37,20826,0.7,864413,0.91,5308,0.31
9/15/2021,2987334,0.52,1503627,0.65,139927,0.43,116413,0.4,23966,0.81,904733,0.95,6410,0.38
9/14/2021,3011275,0.52,1511145,0.65,144904,0.44,120532,0.42,23132,0.78,908024,0.95,6672,0.39
9/13/2021,2852796,0.49,1441516,0.62,147829,0.45,122504,0.42,21898,0.74,914827,0.96,6133,0.36
9/12/2021,1589976,0.62,694561,0.63,77028,0.78,58979,0.56,12239,0.71,899864,1.02,1679,0.57
9/11/2021,1983091,0.62,870791,0.62,82235,0.69,65329,0.43,13070,0.76,917704,0.96,2182,0.53
9/10/2021,2840443,0.49,1322430,0.57,150895,0.46,113495,0.39,23037,0.78,995486,1.05,5377,0.31
9/9/2021,2702713,0.47,1249341,0.54,139547,0.43,111708,0.39,23653,0.8,911040,0.96,5378,0.31
9/8/2021,2529619,0.44,1192895,0.51,135722,0.41,110925,0.38,22354,0.75,896020,0.94,5228,0.31
9/7/2021,2233674,0.39,1102372,0.47,137623,0.42,113742,0.39,21143,0.71,902400,0.95,4795,0.28
9/6/2021,1521388,0.6,733947,0.67,77906,0.79,51338,0.49,10077,0.34,812884,0.92,1966,0.67
9/5/2021,1415352,0.56,618622,0.56,71004,0.72,45169,0.43,11931,0.69,832200,0.94,1541,0.53
9/4/2021,1777639,0.55,834456,0.59,84764,0.72,57137,0.37,13382,0.78,927358,0.97,2104,0.51
9/3/2021,2390392,0.41,1221668,0.53,139807,0.43,97937,0.34,22585,0.76,1014806,1.07,4450,0.26
9/2/2021,1661558,0.29,1188941,0.51,105647,0.32,37898,0.13,21179,0.71,851145,0.89,2620,0.15
9/1/2021,2294448,0.4,1086148,0.47,118437,0.36,90598,0.31,20878,0.7,811053,0.85,4551,0.27
8/31/2021,2532584,0.49,1246463,0.62,133641,0.43,99949,0.37,22724,0.81,936181,0.96,5390,0.4
8/30/2021,2321000,0.45,1182908,0.59,131574,0.42,97093,0.36,19224,0.69,911105,0.94,4695,0.35
8/29/2021,1398566,0.59,630281,0.57,68832,0.66,54068,0.52,11558,0.64,890505,0.97,2076,0.58
8/28/2021,1659434,0.56,776489,0.56,68988,0.52,56208,0.37,12760,0.77,890293,0.93,1661,0.35
8/27/2021,2388210,0.46,1147249,0.57,119665,0.38,90532,0.33,21211,0.76,973335,1,4392,0.33
8/26/2021,2480137,0.48,1222996,0.61,122067,0.39,91039,0.33,22068,0.79,950534,0.98,4995,0.37
8/25/2021,2498255,0.49,1236342,0.61,127392,0.41,93307,0.34,23351,0.84,957036,0.98,5165,0.39
8/24/2021,2462365,0.48,1234884,0.61,130591,0.42,98325,0.36,22679,0.81,942935,0.97,5041,0.38
8/23/2021,2052669,0.4,1032792,0.51,110003,0.35,84223,0.31,18809,0.67,821654,0.85,4062,0.3
8/22/2021,745240,0.31,369246,0.33,27528,0.26,16121,0.16,7979,0.44,489334,0.53,560,0.16
8/21/2021,1715030,0.58,822340,0.6,72843,0.55,61997,0.41,13046,0.78,941331,0.98,1409,0.3
8/20/2021,2456334,0.48,1183308,0.59,124627,0.4,99533,0.36,21451,0.77,969814,1,4590,0.34
8/19/2021,2439624,0.47,1194375,0.59,117409,0.38,93036,0.34,21838,0.78,939085,0.97,4871,0.36
8/18/2021,2445638,0.48,1210760,0.6,117216,0.37,97853,0.36,22715,0.81,917872,0.94,4878,0.36
8/17/2021,2427611,0.47,1209633,0.6,120737,0.39,103616,0.38,22245,0.8,909180,0.94,5081,0.38
8/16/2021,2287627,0.45,1170216,0.58,123942,0.4,100258,0.37,20087,0.72,910779,0.94,4769,0.36
8/15/2021,1430620,0.6,661705,0.6,72983,0.7,54362,0.52,12395,0.69,918288,1,,
8/14/2021,1718222,0.58,811826,0.59,75664,0.57,57650,0.38,13157,0.79,904780,0.94,,
8/13/2021,2430102,0.47,1189426,0.59,123849,0.4,91861,0.34,21336,0.76,973883,1,4522,0.34
8/12/2021,2448589,0.48,1223666,0.61,119717,0.38,90818,0.33,22427,0.8,965578,0.99,4764,0.36
8/11/2021,2475949,0.48,1246306,0.62,119708,0.38,94737,0.35,23338,0.84,931264,0.96,4928,0.37
8/10/2021,2442194,0.48,1245670,0.62,122544,0.39,95330,0.35,23079,0.83,905508,0.93,5037,0.38
8/9/2021,2289434,0.45,1183050,0.59,109865,0.35,95599,0.35,20540,0.74,891525,0.92,4845,0.36
8/8/2021,1333885,0.56,598574,0.54,61066,0.59,54265,0.52,11934,0.66,843489,0.92,,
8/7/2021,1780458,0.61,836715,0.61,76835,0.58,67268,0.44,14108,0.85,923751,0.96,,
8/6/2021,2519444,0.49,1222343,0.61,123238,0.39,101218,0.37,22179,0.79,979833,1.01,4500,0.34
8/5/2021,2529190,0.49,1259332,0.62,119999,0.38,98290,0.36,22610,0.81,956306,0.98,5097,0.38
8/4/2021,2529002,0.49,1257876,0.62,123700,0.4,99332,0.36,23611,0.85,921068,0.95,5016,0.37
8/3/2021,2483802,0.48,1262043,0.63,123949,0.4,103250,0.38,22828,0.82,904753,0.93,5262,0.39
8/2/2021,2333923,0.45,1208484,0.6,126151,0.4,102349,0.38,19824,0.71,903514,0.93,4799,0.36
8/1/2021,1351294,0.57,629963,0.57,66030,0.63,51978,0.5,11627,0.65,869092,0.94,,
7/31/2021,1841007,0.65,857333,0.64,85371,0.67,67122,0.43,13932,0.88,953445,1.03,,
7/30/2021,2557677,0.48,1235623,0.6,131905,0.42,103531,0.37,22127,0.78,988596,1.03,4812,0.35
7/29/2021,2428764,0.46,1186642,0.57,120318,0.38,94716,0.33,22164,0.78,918380,0.96,4743,0.34
7/28/2021,2534756,0.48,1276296,0.62,126767,0.4,99976,0.35,23145,0.82,932094,0.97,5004,0.36
7/27/2021,2487947,0.47,1267804,0.61,128262,0.41,102950,0.36,22609,0.8,918908,0.96,5132,0.37
7/26/2021,2318455,0.44,1219135,0.59,129875,0.41,101260,0.36,19910,0.7,907205,0.94,4714,0.34
7/25/2021,1364830,0.58,625645,0.57,66417,0.63,53090,0.5,11419,0.69,864361,0.98,,
7/24/2021,1852402,0.66,856250,0.63,84852,0.66,68579,0.44,14042,0.88,950568,1.03,,
7/23/2021,2552330,0.48,1219255,0.59,130474,0.41,101070,0.36,22314,0.79,985198,1.02,4713,0.34
7/22/2021,2582151,0.49,1279778,0.62,127275,0.4,102275,0.36,23122,0.82,963493,1,5187,0.38
7/21/2021,2504568,0.47,1225595,0.59,121530,0.38,104862,0.37,22865,0.81,914902,0.95,4934,0.36
7/20/2021,2462002,0.47,1217802,0.59,125809,0.4,107009,0.38,22213,0.78,924495,0.96,5015,0.36
7/19/2021,2327756,0.44,1208792,0.58,126653,0.4,103403,0.37,20276,0.72,897298,0.93,4717,0.34
7/18/2021,1405344,0.6,640618,0.58,67362,0.64,56174,0.53,11313,0.68,838604,0.95,,
7/17/2021,1717480,0.61,795347,0.59,73001,0.57,64513,0.42,13228,0.83,897001,0.97,,
7/16/2021,2536569,0.48,1219118,0.59,123465,0.39,104331,0.37,21730,0.77,983846,1.02,4626,0.34
7/15/2021,2581582,0.49,1275846,0.62,125587,0.4,105171,0.37,23772,0.84,971048,1.01,5209,0.38
7/14/2021,2517615,0.48,1260044,0.61,120455,0.38,101843,0.36,23662,0.83,919213,0.96,5018,0.36
7/13/2021,2457526,0.47,1239045,0.6,123373,0.39,105314,0.37,22286,0.79,895705,0.93,5117,0.37
7/12/2021,2245412,0.43,1171521,0.57,120503,0.38,99023,0.35,20623,0.73,866231,0.9,4563,0.33
7/11/2021,1365854,0.58,635511,0.58,62559,0.6,53178,0.5,11725,0.71,830775,0.94,1549,0.43
7/10/2021,1781717,0.63,855908,0.63,72964,0.57,64429,0.42,14518,0.91,925950,1,2204,0.43
7/9/2021,2318387,0.44,1115969,0.54,109420,0.35,88347,0.31,20632,0.73,888932,0.92,4325,0.31
7/8/2021,2364250,0.45,1164513,0.56,116274,0.37,93197,0.33,22941,0.81,897858,0.93,4785,0.35
7/7/2021,2437064,0.46,1234617,0.6,122603,0.39,99137,0.35,23637,0.83,926634,0.96,5028,0.36
7/6/2021,2302002,0.44,1181416,0.57,127893,0.4,100494,0.35,22648,0.8,903777,0.94,4690,0.34
7/5/2021,1495709,0.64,770321,0.7,78370,0.75,59711,0.56,10303,0.36,838087,0.95,2005,0.56
7/4/2021,1468510,0.63,615001,0.56,70165,0.67,63948,0.6,12816,0.78,773629,0.87,1815,0.51
7/3/2021,1541988,0.55,738089,0.55,63827,0.5,57381,0.37,12676,0.8,777262,0.84,1768,0.35
7/2/2021,2296044,0.43,1121116,0.54,116542,0.37,94252,0.33,21489,0.76,920188,0.96,4258,0.31
7/1/2021,2292461,0.43,1104516,0.53,114363,0.36,90018,0.32,22011,0.78,933638,0.97,4598,0.33
6/30/2021,2346388,0.42,1139886,0.53,119358,0.36,99455,0.34,23001,0.79,945822,0.96,4476,0.28
6/29/2021,2343739,0.42,1169268,0.54,119355,0.36,97829,0.33,21612,0.74,930011,0.95,4717,0.29
6/28/2021,2252362,0.4,1152019,0.54,122263,0.37,101482,0.34,20503,0.7,924740,0.94,4564,0.28
6/27/2021,1559967,0.6,656004,0.6,75058,0.76,62411,0.57,11883,0.66,900039,0.97,1436,0.37
6/26/2021,1854179,0.58,841585,0.6,76560,0.62,66739,0.42,13520,0.78,950086,0.97,1682,0.33
6/25/2021,2582713,0.46,1214123,0.56,126722,0.38,100537,0.34,22400,0.76,988675,1.01,4712,0.29
6/24/2021,2552639,0.46,1248843,0.58,121542,0.37,100509,0.34,22842,0.78,978351,0.99,5045,0.31
6/23/2021,2547416,0.45,1264095,0.59,121867,0.37,101864,0.34,24223,0.83,946870,0.96,5027,0.31
6/22/2021,2354873,0.42,1172110,0.55,116165,0.35,97637,0.33,22293,0.76,896868,0.91,4648,0.29
6/21/2021,2264368,0.4,1191844,0.55,123918,0.37,95740,0.32,20512,0.7,926300,0.94,4601,0.28
6/20/2021,1389352,0.53,652557,0.6,76969,0.78,60876,0.56,13189,0.73,951631,1.03,,
6/19/2021,1784312,0.55,841519,0.6,76508,0.62,66134,0.42,13949,0.8,952944,0.97,,
6/18/2021,2572013,0.98,1235675,1.14,122848,1.25,104304,0.96,22491,0.77,989296,1.07,4549,1.17
6/17/2021,2552497,0.46,1281552,0.6,121580,0.37,98435,0.33,23292,0.8,973485,0.99,4989,0.31
6/16/2021,2519444,0.45,1288040,0.6,119205,0.36,94690,0.32,24788,0.85,945955,0.96,4745,0.29
6/15/2021,2469785,0.44,1277203,0.59,117580,0.35,96688,0.33,23460,0.8,917933,0.93,4925,0.3
6/14/2021,2223186,0.4,1176722,0.55,115254,0.35,91064,0.31,21568,0.74,869235,0.88,4205,0.26
6/13/2021,1379959,0.53,647385,0.59,59186,0.6,51712,0.47,12047,0.67,887098,0.96,,
6/12/2021,1775538,0.55,849178,0.61,68188,0.55,61468,0.39,14450,0.83,919318,0.93,,
6/11/2021,2468258,0.44,1221484,0.57,118259,0.36,94566,0.32,23324,0.8,968763,0.99,4371,0.27
6/10/2021,2473818,0.44,1276901,0.59,113236,0.34,91323,0.31,23498,0.8,951274,0.97,4801,0.3
6/9/2021,2386026,0.43,1259005,0.59,107918,0.32,90641,0.31,23868,0.81,908563,0.92,4586,0.28
6/8/2021,2265591,0.4,1175335,0.55,108346,0.33,87986,0.3,22948,0.78,878376,0.89,4561,0.28
6/7/2021,2223265,0.4,1200737,0.56,112097,0.34,89412,0.3,21511,0.73,897208,0.91,4348,0.27
6/6/2021,1363344,0.52,654780,0.6,61866,0.63,51469,0.47,12514,0.69,921829,1,,
6/5/2021,1792204,0.56,874545,0.62,72827,0.59,62687,0.4,14636,0.84,946758,0.96,,
6/4/2021,2310032,0.41,1160335,0.54,104564,0.31,88908,0.3,22743,0.78,930743,0.95,4308,0.27
6/3/2021,2233917,0.4,1143159,0.53,102751,0.31,84815,0.29,23026,0.79,895524,0.91,4419,0.27
6/2/2021,2343745,0.42,1249102,0.58,112503,0.34,90821,0.31,24325,0.83,910385,0.93,4772,0.29
6/1/2021,2258831,0.4,1230127,0.57,114759,0.34,94923,0.32,22308,0.76,907698,0.92,4705,0.29
5/31/2021,1389651,0.58,702801,0.73,102292,1.05,43039,0.41,10380,0.35,756187,0.89,1651,0.47
5/30/2021,1065176,0.45,484864,0.5,43418,0.45,30072,0.29,10028,0.59,664029,0.78,956,0.27
5/29/2021,1370135,0.43,648192,0.46,54774,0.46,38894,0.26,11734,0.68,744860,0.78,1332,0.27
5/28/2021,2232599,0.39,1135369,0.5,112780,0.35,66048,0.23,21520,0.73,931760,0.97,4047,0.23
5/27/2021,2352019,0.41,1246269,0.55,117293,0.37,62852,0.22,23450,0.8,970920,1.01,4619,0.27
5/26/2021,2275882,0.4,1241052,0.55,114548,0.36,59613,0.21,23594,0.8,921084,0.96,4429,0.25
5/25/2021,2270945,0.4,1253998,0.55,110871,0.35,58737,0.21,22854,0.78,902577,0.94,4683,0.27
5/24/2021,2118877,0.37,1192453,0.52,105528,0.33,55179,0.19,21563,0.73,869940,0.9,4252,0.24
5/23/2021,1268928,0.53,645466,0.67,58005,0.59,40613,0.39,11765,0.69,885740,1.04,1358,0.39
5/22/2021,1645268,0.51,839877,0.6,66293,0.56,51249,0.34,13397,0.77,911148,0.95,1787,0.37
5/21/2021,2331876,0.41,1221591,0.54,110077,0.34,67283,0.24,22520,0.77,965528,1,4264,0.25
5/20/2021,2269471,0.4,1243965,0.55,106604,0.33,57425,0.2,23659,0.8,931659,0.97,4441,0.26
5/19/2021,2257549,0.39,1253578,0.55,104762,0.33,56851,0.2,23784,0.81,915644,0.95,4367,0.25
5/18/2021,2150049,0.38,1215676,0.53,100430,0.31,54920,0.19,22367,0.76,838307,0.87,4321,0.25
5/17/2021,2022584,0.35,1157960,0.51,98458,0.31,52803,0.18,20779,0.71,810018,0.84,3990,0.23
5/16/2021,1201904,0.5,621750,0.65,49166,0.5,36227,0.35,11062,0.65,814177,0.96,14,0
5/15/2021,1637231,0.51,844096,0.6,63079,0.53,49401,0.33,13516,0.78,891574,0.93,11,0
5/14/2021,2266974,0.4,1220112,0.54,104885,0.33,63394,0.22,22437,0.76,947064,0.98,3963,0.23
5/13/2021,2163052,0.38,1182347,0.52,103047,0.32,55558,0.19,23439,0.8,918259,0.95,4112,0.24
5/12/2021,2182277,0.38,1238990,0.54,98930,0.31,53548,0.19,23946,0.81,887381,0.92,4193,0.24
5/11/2021,2148322,0.38,1231886,0.54,97358,0.3,51588,0.18,22751,0.77,873176,0.91,4227,0.24
5/10/2021,1990039,0.35,1149109,0.51,96813,0.3,50090,0.17,20751,0.71,844563,0.88,3850,0.22
5/9/2021,1107878,0.46,576000,0.6,54074,0.55,37795,0.36,13897,0.82,854809,1,856,0.24
5/8/2021,1444674,0.45,779188,0.56,56309,0.48,42664,0.28,13339,0.77,854156,0.89,,
5/7/2021,2238033,0.39,1222741,0.54,101637,0.32,61477,0.21,22730,0.77,936747,0.97,3827,0.22
5/6/2021,2199943,0.38,1258536,0.55,94244,0.3,52748,0.18,23792,0.81,905604,0.94,4168,0.24
5/5/2021,2074543,0.36,1158445,0.51,91994,0.29,48351,0.17,23236,0.79,841968,0.87,3851,0.22
5/4/2021,2120071,0.37,1227250,0.54,93107,0.29,49415,0.17,22962,0.78,851039,0.88,4181,0.24
5/3/2021,1971010,0.34,1165505,0.51,91084,0.29,45800,0.16,21492,0.73,828506,0.86,3744,0.22
5/2/2021,1153471,0.48,620063,0.64,41827,0.43,32683,0.31,11541,0.68,809865,0.95,,
5/1/2021,1515211,0.47,818655,0.59,51067,0.43,41395,0.27,13263,0.77,849633,0.89,,
4/30/2021,2159476,0.39,1185321,0.54,93530,0.3,57364,0.2,22322,0.77,922720,0.98,3699,0.23
4/29/2021,2028524,0.36,1166096,0.53,88705,0.29,47785,0.17,22201,0.77,873037,0.93,3881,0.24
4/28/2021,2135793,0.38,1227777,0.56,92150,0.3,50011,0.17,24412,0.84,888723,0.94,4027,0.25
4/27/2021,2041698,0.37,1198299,0.55,89028,0.29,47310,0.16,22603,0.78,839788,0.89,4020,0.25
4/26/2021,1955370,0.35,1156913,0.53,89303,0.29,46752,0.16,21083,0.73,826605,0.88,3761,0.23
4/25/2021,985027,0.41,540989,0.55,34054,0.37,23855,0.23,9777,0.52,695863,0.8,,
4/24/2021,1520057,0.48,809163,0.61,51570,0.45,43227,0.29,13351,0.8,854964,0.94,,
4/23/2021,2121350,0.38,1184193,0.54,92834,0.3,56155,0.2,22035,0.76,920588,0.98,3737,0.23
4/22/2021,2040232,0.37,1166357,0.53,86606,0.28,46790,0.16,21832,0.75,871573,0.93,3837,0.24
4/21/2021,1965922,0.35,1139762,0.52,83533,0.27,45253,0.16,22379,0.77,828447,0.88,3788,0.23
4/20/2021,2082495,0.37,1223642,0.56,90034,0.29,49100,0.17,23528,0.81,860511,0.91,4135,0.25
4/19/2021,1911326,0.34,1147977,0.53,87167,0.28,45925,0.16,21274,0.74,816540,0.87,3634,0.22
4/18/2021,1082503,0.45,607333,0.61,38263,0.42,30983,0.3,10865,0.58,753446,0.87,,
4/17/2021,1425036,0.45,803352,0.6,49901,0.44,39789,0.27,13313,0.8,813162,0.89,,
4/16/2021,2078856,0.37,1157507,0.53,87190,0.28,54355,0.19,21632,0.75,889711,0.95,3591,0.22
4/15/2021,1906733,0.34,1083083,0.5,81762,0.26,44175,0.15,21198,0.73,822207,0.87,3593,0.22
4/14/2021,2018126,0.36,1199954,0.55,86698,0.28,47970,0.17,23462,0.81,852606,0.91,3810,0.23
4/13/2021,2012153,0.36,1196355,0.55,87182,0.28,46150,0.16,22728,0.79,832482,0.88,3877,0.24
4/12/2021,1845836,0.33,1087799,0.5,83124,0.27,43563,0.15,21192,0.73,793402,0.84,3418,0.21
4/11/2021,899646,0.37,504407,0.51,32034,0.35,22933,0.22,9742,0.52,666435,0.77,1020,0.31
4/10/2021,1391245,0.44,790023,0.59,45962,0.4,36629,0.25,12713,0.76,822112,0.9,1500,0.29
4/9/2021,2026724,0.36,1144311,0.52,87051,0.28,52445,0.18,21978,0.76,895229,0.95,3686,0.23
4/8/2021,2013413,0.36,1177833,0.54,86715,0.28,47059,0.16,22579,0.78,877834,0.93,3893,0.24
4/7/2021,1985370,0.36,1172362,0.54,85479,0.28,45747,0.16,23469,0.81,858593,0.91,3809,0.23
4/6/2021,1942198,0.35,1155101,0.53,85757,0.28,45178,0.16,21695,0.75,840351,0.89,3873,0.24
4/5/2021,1818703,0.33,1088750,0.5,87048,0.28,46156,0.16,19970,0.69,832239,0.88,3431,0.21
4/4/2021,950194,0.39,519812,0.52,40868,0.45,30673,0.3,11632,0.62,749910,0.87,1066,0.33
4/3/2021,1318461,0.42,750682,0.56,47662,0.42,37706,0.25,12735,0.76,779701,0.85,1503,0.29
4/2/2021,1757698,0.32,958085,0.44,79770,0.26,49309,0.17,18839,0.65,845252,0.9,3070,0.19
4/1/2021,1841815,0.33,1030209,0.47,77285,0.25,38466,0.13,20490,0.71,856466,0.91,3434,0.21
3/31/2021,1808546,0.32,995873,0.44,84850,0.27,43954,0.16,20374,0.69,833052,0.9,3526,0.22
3/30/2021,1881537,0.34,1079381,0.48,91258,0.29,46574,0.17,21019,0.71,842154,0.91,3806,0.24
3/29/2021,1742162,0.31,1002597,0.45,86467,0.28,44240,0.16,18543,0.62,763647,0.83,3378,0.21
3/28/2021,807247,0.35,459949,0.46,28347,0.33,21000,0.22,9104,0.52,601860,0.75,,
3/27/2021,1374266,0.45,781981,0.59,47484,0.44,38301,0.28,12900,0.76,841595,0.97,,
3/26/2021,1938246,0.35,1091753,0.49,84436,0.27,49529,0.18,20805,0.7,865970,0.94,3536,0.22
3/25/2021,1925768,0.35,1127964,0.5,83556,0.27,44105,0.16,21763,0.73,847633,0.92,3747,0.23
3/24/2021,1828084,0.33,1075968,0.48,79590,0.25,40301,0.15,21651,0.73,794315,0.86,3578,0.22
3/23/2021,1879574,0.34,1133504,0.51,83106,0.27,41654,0.15,21590,0.73,810243,0.88,3727,0.23
3/22/2021,1801438,0.32,1095241,0.49,84171,0.27,43281,0.16,20427,0.69,788542,0.86,3646,0.23
3/21/2021,1013386,0.44,579358,0.58,34693,0.4,26380,0.28,10358,0.59,735673,0.91,,
3/20/2021,1307403,0.43,768908,0.58,41743,0.39,33068,0.24,12558,0.74,787777,0.9,,
3/19/2021,1906749,0.34,1083647,0.48,80041,0.26,46605,0.17,20357,0.68,863187,0.94,3331,0.21
3/18/2021,1771092,0.32,1019472,0.45,76532,0.24,39884,0.14,20264,0.68,799478,0.87,3283,0.21
3/17/2021,1866414,0.34,1103979,0.49,81431,0.26,41682,0.15,22323,0.75,808876,0.88,3465,0.22
3/16/2021,1798288,0.32,1062179,0.47,77672,0.25,40038,0.15,20903,0.7,786996,0.85,3394,0.21
3/15/2021,1730024,0.31,1023990,0.46,79331,0.25,39529,0.14,19986,0.67,774146,0.84,3264,0.2
3/14/2021,923968,0.4,531754,0.53,30405,0.35,22348,0.24,9732,0.55,673170,0.83,,
3/13/2021,1257372,0.41,730218,0.55,38465,0.36,31500,0.23,11932,0.7,776744,0.89,,
3/12/2021,1914465,0.34,1092388,0.49,82399,0.26,48553,0.18,21724,0.73,873014,0.95,3507,0.22
3/11/2021,1881902,0.34,1107502,0.49,80398,0.26,42543,0.15,22617,0.76,836773,0.91,3682,0.23
3/10/2021,1849077,0.33,1104610,0.49,78069,0.25,41489,0.15,22774,0.77,804700,0.87,3625,0.23
3/9/2021,1834068,0.33,1101988,0.49,79269,0.25,40944,0.15,22200,0.75,791512,0.86,3602,0.23
3/8/2021,1719586,0.31,1039763,0.46,79355,0.25,39764,0.14,20685,0.7,767707,0.83,3344,0.21
3/7/2021,894119,0.39,525930,0.53,29306,0.34,21548,0.23,9843,0.56,662461,0.82,58,0.02
3/6/2021,1167884,0.38,696719,0.52,37158,0.34,27277,0.2,11951,0.71,728236,0.84,3,0
3/5/2021,1825915,0.33,1041408,0.46,79104,0.25,45027,0.16,21842,0.73,846071,0.92,3270,0.2
3/4/2021,1808744,0.32,1078036,0.48,78642,0.25,39731,0.14,21727,0.73,807284,0.88,3456,0.22
3/3/2021,1846431,0.33,1119137,0.5,78770,0.25,39652,0.14,22823,0.77,798577,0.87,3569,0.22
3/2/2021,1749511,0.31,1024511,0.46,75335,0.24,36611,0.13,20640,0.69,763489,0.83,3472,0.22
3/1/2021,1696274,0.3,1020837,0.46,74430,0.24,36339,0.13,20359,0.68,747909,0.81,3333,0.21
2/28/2021,810071,0.37,491545,0.5,23778,0.3,20086,0.22,8910,0.53,619960,0.82,972,0.35
2/27/2021,1072932,0.37,635820,0.5,28849,0.31,24256,0.19,11319,0.7,681969,0.82,1324,0.31
2/26/2021,1822812,0.34,1065376,0.5,76696,0.25,44411,0.16,21911,0.74,851052,0.96,3359,0.21
2/25/2021,1798165,0.33,1069420,0.5,75030,0.25,39398,0.15,22138,0.75,814611,0.92,3543,0.22
2/24/2021,1806306,0.33,1099351,0.51,74777,0.25,39125,0.15,23223,0.79,797488,0.9,3546,0.22
2/23/2021,1730198,0.32,1040398,0.48,73492,0.24,37506,0.14,20852,0.71,759850,0.86,3406,0.21
2/22/2021,1582054,0.29,927414,0.43,69741,0.23,35469,0.13,19015,0.65,691608,0.78,3079,0.19
2/21/2021,836095,0.38,516715,0.53,25208,0.32,19844,0.22,9195,0.55,605395,0.8,956,0.34
2/20/2021,1110589,0.39,679240,0.54,30920,0.33,25729,0.2,10578,0.65,657045,0.79,1381,0.32
2/19/2021,1566021,0.29,809308,0.38,64121,0.21,38308,0.14,14172,0.48,608152,0.69,2707,0.17
2/18/2021,1381886,0.25,725951,0.34,57987,0.19,31748,0.12,15843,0.54,456327,0.52,2521,0.16
2/17/2021,1733160,0.32,1061711,0.49,74219,0.25,39206,0.15,22336,0.76,821333,0.93,3349,0.21
2/16/2021,1627528,0.3,963223,0.45,72718,0.24,36235,0.13,19126,0.65,726224,0.82,3211,0.2
2/15/2021,1218593,0.56,726412,0.74,65652,0.84,21792,0.24,11437,0.39,641883,0.85,1764,0.63
2/14/2021,858014,0.39,479319,0.49,23392,0.3,20489,0.22,7835,0.46,551288,0.73,863,0.31
2/13/2021,1092063,0.38,656637,0.52,29284,0.31,25456,0.19,11669,0.72,666722,0.8,1198,0.28
2/12/2021,1706430,0.31,965421,0.45,72130,0.24,42229,0.16,20165,0.69,803912,0.91,2823,0.17
2/11/2021,1714656,0.32,1005348,0.47,70196,0.23,37230,0.14,20144,0.68,755367,0.86,3148,0.19
2/10/2021,1750121,0.32,1052021,0.49,71257,0.24,36581,0.14,22169,0.75,769088,0.87,3284,0.2
2/9/2021,1666467,0.31,992290,0.46,69548,0.23,34582,0.13,19386,0.66,682085,0.77,3123,0.19
2/8/2021,1639753,0.3,964007,0.45,70984,0.23,36921,0.14,17786,0.6,701146,0.79,3075,0.19
2/7/2021,652521,0.3,367095,0.38,17110,0.22,14068,0.15,7115,0.42,340122,0.45,736,0.26
2/6/2021,1148477,0.4,715717,0.57,29248,0.31,25168,0.19,12020,0.74,689415,0.83,1280,0.3
2/5/2021,1741015,0.32,1001775,0.47,68866,0.23,40322,0.15,20136,0.68,766091,0.87,3115,0.19
2/4/2021,1785833,0.33,1033791,0.48,71341,0.24,37591,0.14,20328,0.69,742193,0.84,3381,0.21
2/3/2021,1702598,0.31,949695,0.44,69068,0.23,36347,0.13,16869,0.57,656614,0.74,3057,0.19
2/2/2021,1005985,0.19,543073,0.25,22756,0.08,22258,0.08,8155,0.28,311607,0.35,1517,0.09
2/1/2021,583230,0.11,337228,0.16,8611,0.03,12093,0.04,12202,0.41,156759,0.18,954,0.06
1/31/2021,722853,0.35,427945,0.47,23091,0.28,17531,0.19,8616,0.64,573512,0.84,620,0.23
1/30/2021,942615,0.35,566837,0.47,26642,0.27,21229,0.16,10284,0.71,652550,0.85,811,0.2
1/29/2021,1511680,0.29,812264,0.4,65128,0.22,37760,0.14,19047,0.67,780131,0.9,2646,0.16
1/28/2021,1646806,0.32,950205,0.46,70023,0.23,37015,0.14,20139,0.71,768600,0.88,3208,0.2
1/27/2021,1660278,0.32,1004792,0.49,70353,0.23,35635,0.13,19841,0.7,740154,0.85,3098,0.19
1/26/2021,1550953,0.3,911579,0.45,68237,0.23,34574,0.13,18115,0.64,653068,0.75,2965,0.18
1/25/2021,1592468,0.31,978987,0.48,73131,0.24,36509,0.14,19991,0.71,727393,0.84,3226,0.2
1/24/2021,741139,0.35,458203,0.5,23974,0.29,17881,0.2,8317,0.62,560522,0.82,821,0.3
1/23/2021,997551,0.37,619673,0.52,27942,0.29,22216,0.17,10536,0.73,640381,0.84,1114,0.27
1/22/2021,1672001,0.33,1018584,0.5,71317,0.24,40981,0.15,20375,0.72,787474,0.91,3174,0.19
1/21/2021,1652842,0.32,1007042,0.49,71225,0.24,37003,0.14,19925,0.7,760221,0.87,3258,0.2
1/20/2021,1575075,0.31,921371,0.45,67925,0.22,35263,0.13,19281,0.68,712711,0.82,2963,0.18
1/19/2021,1635915,0.32,1013616,0.5,72565,0.24,36885,0.14,21049,0.74,736254,0.85,3328,0.2
1/18/2021,1276978,0.61,766926,0.84,68674,0.83,22337,0.25,14124,0.5,689251,1.01,2141,0.78
1/17/2021,797654,0.38,504031,0.55,24223,0.29,20269,0.22,9880,0.73,580771,0.85,910,0.33
1/16/2021,991500,0.37,645625,0.54,27116,0.28,22548,0.17,11654,0.8,631135,0.83,1099,0.27
1/15/2021,1627120,0.32,981817,0.48,70180,0.23,41025,0.15,21819,0.77,788779,0.91,2978,0.18
1/14/2021,1647396,0.32,1017757,0.5,70937,0.23,37403,0.14,21950,0.78,754071,0.87,3234,0.2
1/13/2021,1641652,0.32,996646,0.49,70591,0.23,36488,0.14,22720,0.8,737859,0.85,3160,0.19
1/12/2021,1640428,0.32,997279,0.49,71403,0.24,36563,0.14,21623,0.76,730831,0.84,3297,0.2
1/11/2021,1568207,0.3,966517,0.47,72285,0.24,36016,0.13,21089,0.75,708058,0.81,3123,0.19
1/10/2021,763097,0.36,501437,0.55,23751,0.29,18076,0.2,9467,0.7,564543,0.83,593,0.22
1/9/2021,990412,0.37,643475,0.54,26962,0.28,22332,0.17,12023,0.83,630790,0.83,806,0.2
1/8/2021,1619242,0.31,982175,0.48,68649,0.23,39102,0.15,21641,0.76,754548,0.87,3017,0.18
1/7/2021,1611099,0.31,989097,0.48,69695,0.23,36345,0.14,21571,0.76,736609,0.85,3149,0.19
1/6/2021,1613629,0.31,996123,0.49,70289,0.23,35857,0.13,22795,0.81,726679,0.84,3260,0.2
1/5/2021,1597518,0.31,990479,0.48,70424,0.23,35806,0.13,21641,0.76,708610,0.82,3392,0.21
1/4/2021,1557977,0.3,964597,0.47,71078,0.24,35680,0.13,20612,0.73,688045,0.79,3260,0.2
1/3/2021,653187,0.31,413820,0.45,20819,0.25,15546,0.17,9745,0.72,496494,0.73,728,0.27
1/2/2021,988418,0.37,608686,0.51,28879,0.3,23140,0.18,10450,0.72,624765,0.82,1194,0.29
1/1/2021,613692,0.29,378288,0.41,28977,0.35,14988,0.17,5960,0.21,445950,0.65,805,0.29
12/31/2020,1274984,0.24,792993,0.4,75157,0.24,39947,0.14,17167,0.59,704297,0.79,2162,0.14
12/30/2020,1582486,0.3,948194,0.47,79298,0.25,40962,0.15,20922,0.72,799839,0.9,2990,0.19
12/29/2020,1555198,0.29,930711,0.46,78904,0.25,39416,0.14,19717,0.68,759864,0.86,3097,0.2
12/28/2020,1510168,0.28,922336,0.46,81566,0.26,41012,0.15,18820,0.65,743305,0.84,3027,0.19
12/27/2020,760350,0.3,474033,0.48,34432,0.32,20470,0.19,9457,0.53,594862,0.75,901,0.27
12/26/2020,879170,0.26,559111,0.44,36047,0.28,22076,0.14,9094,0.53,593895,0.67,1014,0.2
12/25/2020,485208,0.19,314171,0.32,51348,0.48,14435,0.13,8611,0.3,476547,0.6,631,0.19
12/24/2020,1312480,0.25,822916,0.41,75759,0.24,38899,0.14,15928,0.55,760624,0.86,2176,0.14
12/23/2020,1772537,0.33,1048565,0.52,84404,0.27,42100,0.15,23305,0.8,864271,0.98,3201,0.21
12/22/2020,1760948,0.33,1046799,0.52,82001,0.26,39579,0.14,22820,0.78,814975,0.92,3254,0.21
12/21/2020,1716035,0.32,1028489,0.51,81225,0.26,39814,0.14,21647,0.74,777049,0.88,3244,0.21
12/20/2020,821265,0.32,516593,0.53,32597,0.31,18767,0.17,9585,0.54,555254,0.7,736,0.22
12/19/2020,1112827,0.34,670787,0.53,41101,0.32,24217,0.15,11589,0.67,651814,0.74,25,0.01
12/18/2020,1735664,0.33,943587,0.47,74908,0.24,41287,0.15,17537,0.6,736356,0.83,3063,0.2
12/17/2020,1079818,0.2,523854,0.26,21417,0.07,12527,0.04,9940,0.34,297298,0.34,1613,0.1
12/16/2020,1569079,0.29,853797,0.43,68092,0.22,33572,0.12,19296,0.66,625006,0.71,2899,0.19
12/15/2020,1783388,0.33,1088287,0.54,78446,0.25,38322,0.14,23432,0.8,819063,0.92,3353,0.21
12/14/2020,1584089,0.3,955525,0.48,75008,0.24,36057,0.13,21333,0.73,723908,0.82,2979,0.19
12/13/2020,911439,0.36,582389,0.6,39293,0.37,22670,0.21,10208,0.57,659446,0.83,80,0.02
12/12/2020,1091352,0.33,703892,0.55,41791,0.33,24119,0.15,12307,0.71,671668,0.76,20,0
12/11/2020,1786290,0.33,1064457,0.53,79717,0.25,42421,0.15,22751,0.78,821871,0.93,3278,0.21
12/10/2020,1761336,0.33,1075970,0.54,76847,0.24,37601,0.13,22845,0.78,784406,0.89,3346,0.21
12/9/2020,1701926,0.32,1018247,0.51,74734,0.24,35918,0.13,22459,0.77,749886,0.85,3233,0.21
12/8/2020,1540893,0.29,1034410,0.52,75033,0.24,36403,0.13,22177,0.76,744112,0.84,3185,0.2
12/7/2020,1656627,0.31,1032813,0.52,77787,0.25,36890,0.13,21424,0.73,729674,0.82,3209,0.21
12/6/2020,878393,0.35,547330,0.56,35055,0.33,19653,0.18,9904,0.56,590525,0.74,885,0.26
12/5/2020,1000240,0.3,617332,0.49,33528,0.26,19728,0.13,10151,0.59,572557,0.65,996,0.2
12/4/2020,1701628,0.32,1024641,0.51,72062,0.23,39229,0.14,21960,0.75,775709,0.88,3121,0.2
12/3/2020,1736045,0.33,1070197,0.53,75093,0.24,37014,0.13,22941,0.79,767310,0.87,3325,0.21
12/2/2020,1699968,0.32,1026056,0.51,73631,0.23,35615,0.13,22712,0.78,746840,0.84,3277,0.21
12/1/2020,1706348,0.32,1068627,0.53,73589,0.23,35226,0.13,21693,0.74,752069,0.85,3432,0.22
11/30/2020,1459131,0.26,849277,0.39,80033,0.24,37027,0.13,19751,0.63,652664,0.69,3035,0.18
11/29/2020,826974,0.33,548548,0.55,32628,0.35,21898,0.21,9360,0.5,631799,0.77,826,0.27
11/28/2020,1032823,0.33,689580,0.52,37770,0.33,24688,0.16,10808,0.64,649087,0.71,1203,0.35
11/27/2020,1263473,0.5,815993,0.82,77273,0.82,25009,0.24,12395,0.4,671214,0.81,2046,0.67
11/26/2020,652276,0.26,444391,0.45,72572,0.77,20393,0.2,12151,0.39,564193,0.68,847,0.28
11/25/2020,1688227,0.3,1037242,0.47,93444,0.28,46210,0.16,21450,0.69,853222,0.9,3166,0.19
11/24/2020,1735702,0.31,1068789,0.49,89805,0.27,41773,0.15,22814,0.73,821450,0.87,3405,0.2
11/23/2020,1646525,0.29,1005225,0.46,87693,0.27,40669,0.14,21297,0.68,755375,0.8,3223,0.19
11/22/2020,817963,0.32,542124,0.54,31019,0.33,20269,0.19,10694,0.57,598349,0.73,92,0.03
11/21/2020,1157957,0.37,750801,0.57,39204,0.34,27716,0.18,13193,0.78,742369,0.82,19,0.01
11/20/2020,1800423,0.32,1079029,0.49,87402,0.27,44684,0.16,22945,0.73,843069,0.89,3473,0.2
11/19/2020,1757535,0.31,1056928,0.48,84662,0.26,40123,0.14,21780,0.7,800461,0.85,3529,0.21
11/18/2020,1787688,0.32,1065597,0.49,84069,0.26,39694,0.14,23390,0.75,776422,0.82,3495,0.21
11/17/2020,1788847,0.32,1092416,0.5,86965,0.26,40079,0.14,22524,0.72,764725,0.81,3584,0.21
11/16/2020,1741750,0.31,1079560,0.49,89463,0.27,41962,0.15,21851,0.7,757988,0.8,3532,0.21
11/15/2020,820858,0.33,528421,0.53,30948,0.33,20946,0.2,9763,0.52,596389,0.72,697,0.23
11/14/2020,1215477,0.38,755951,0.57,41422,0.36,31397,0.21,12928,0.76,735029,0.81,14,0
11/13/2020,1816693,0.32,1061680,0.48,86252,0.26,45127,0.16,22054,0.71,821059,0.87,3332,0.2
11/12/2020,1776666,0.32,1054132,0.48,86189,0.26,40382,0.14,22059,0.71,779141,0.83,3546,0.21
11/11/2020,1614812,0.64,969123,0.97,83306,0.88,40074,0.38,20263,0.65,713640,0.87,3050,0.99
11/10/2020,1836902,0.33,1151911,0.53,91532,0.28,43084,0.15,23138,0.74,800965,0.85,3848,0.23
11/9/2020,1752614,0.31,1111203,0.51,91681,0.28,42628,0.15,21444,0.69,773217,0.82,3561,0.21
11/8/2020,927670,0.37,587220,0.59,38485,0.41,27961,0.27,10474,0.56,726041,0.88,846,0.28
11/7/2020,1246321,0.39,752851,0.57,46368,0.4,35871,0.24,13409,0.79,790712,0.87,35,0.01
11/6/2020,1837314,0.33,1120729,0.51,89499,0.27,48139,0.17,22659,0.73,858167,0.91,3546,0.21
11/5/2020,1793796,0.32,1130774,0.52,86987,0.26,41550,0.15,22937,0.73,818991,0.87,3793,0.22
11/4/2020,1690489,0.3,1089354,0.5,81551,0.25,38818,0.14,22174,0.71,754704,0.8,3448,0.2
11/3/2020,1602912,0.28,1027710,0.47,82140,0.25,39749,0.14,20416,0.65,720562,0.76,3184,0.19
11/2/2020,1747908,0.31,1072262,0.49,87198,0.27,40609,0.14,21127,0.68,772129,0.82,3535,0.21
11/1/2020,786675,0.31,510820,0.51,29495,0.31,22602,0.22,10180,0.54,660915,0.8,3,0
10/31/2020,1174059,0.35,747636,0.54,41538,0.37,34077,0.22,12816,0.72,743811,0.79,20,0
10/30/2020,1768018,0.31,1030639,0.46,84254,0.27,47968,0.16,21243,0.71,824680,0.89,3270,0.18
10/29/2020,1705072,0.3,987440,0.44,81794,0.26,41158,0.14,20925,0.7,776467,0.84,3539,0.2
10/28/2020,1819352,0.32,1119450,0.5,86652,0.28,43290,0.15,23258,0.78,801966,0.86,3676,0.21
10/27/2020,1815242,0.32,1143906,0.51,87401,0.28,43341,0.15,21870,0.73,789371,0.85,3642,0.2
10/26/2020,1690651,0.29,1061566,0.47,86745,0.28,43558,0.15,20817,0.7,760604,0.82,3429,0.19
10/25/2020,885001,0.36,572347,0.57,33678,0.37,28321,0.27,10074,0.55,725809,0.86,,
10/24/2020,1185612,0.36,775122,0.56,43618,0.38,38673,0.25,12916,0.73,805454,0.85,,
10/23/2020,1842588,0.32,1123540,0.5,89931,0.29,51766,0.18,21766,0.73,881995,0.95,3680,0.21
10/22/2020,1825208,0.32,1140210,0.51,88686,0.28,45771,0.16,22391,0.75,845064,0.91,3927,0.22
10/21/2020,1812949,0.32,1140385,0.51,86210,0.27,44103,0.15,22959,0.77,806738,0.87,3848,0.22
10/20/2020,1780231,0.31,1119283,0.5,86591,0.28,42742,0.15,21936,0.74,790018,0.85,3859,0.22
10/19/2020,1719153,0.3,1105134,0.49,89186,0.28,44369,0.15,20812,0.7,782239,0.84,3570,0.2
10/18/2020,896812,0.37,583350,0.58,34682,0.38,30690,0.29,9998,0.54,752262,0.89,1074,0.28
10/17/2020,1209473,0.36,778070,0.56,43768,0.39,37764,0.25,11831,0.67,794520,0.84,1588,0.35
10/16/2020,1671320,0.29,974110,0.43,83798,0.27,47292,0.16,20776,0.7,820106,0.88,3366,0.19
10/15/2020,1853753,0.32,1152434,0.51,90288,0.29,46250,0.16,22834,0.77,866245,0.93,4069,0.23
10/14/2020,1838682,0.32,1162256,0.52,89173,0.28,45149,0.16,23169,0.78,824529,0.89,3956,0.22
10/13/2020,1715183,0.3,1063680,0.47,76552,0.24,42206,0.15,20909,0.7,765671,0.82,3670,0.21
10/12/2020,1284655,0.22,767564,0.34,76776,0.24,39838,0.14,15722,0.53,685982,0.74,2237,0.13
10/11/2020,848469,0.35,564051,0.56,34593,0.38,28784,0.27,9470,0.52,692669,0.82,1049,0.28
10/10/2020,1170227,0.35,771088,0.55,44528,0.39,41410,0.27,12627,0.71,823775,0.87,1430,0.31
10/9/2020,1808079,0.31,1117172,0.5,78663,0.25,52686,0.18,21274,0.71,896404,0.97,3700,0.21
10/8/2020,1798005,0.31,1126770,0.5,87959,0.28,44802,0.15,21964,0.74,845788,0.91,3913,0.22
10/7/2020,1770617,0.31,1123231,0.5,87119,0.28,43535,0.15,23027,0.77,814866,0.88,3791,0.21
10/6/2020,1758454,0.31,1137217,0.5,87748,0.28,43803,0.15,21475,0.72,802900,0.87,3866,0.22
10/5/2020,1678792,0.29,1102675,0.49,88694,0.28,42258,0.15,19971,0.67,783540,0.84,3587,0.2
10/4/2020,852830,0.35,570608,0.57,34976,0.38,27667,0.26,10010,0.54,706562,0.84,761,0.2
10/3/2020,1168040,0.35,777674,0.56,45018,0.4,36907,0.24,12759,0.72,810626,0.86,33,0.01
10/2/2020,1790612,0.31,1115793,0.49,87291,0.28,48883,0.17,21626,0.73,891268,0.96,3589,0.2
10/1/2020,1809958,0.31,1159859,0.51,86082,0.27,42390,0.15,22309,0.75,870606,0.94,4003,0.22
9/30/2020,1740820,0.3,1101663,0.47,89223,0.27,41967,0.15,21424,0.72,822682,0.86,3704,0.22
9/29/2020,1661264,0.29,1057135,0.46,88444,0.27,40515,0.14,20517,0.69,790861,0.83,3632,0.21
9/28/2020,1489240,0.26,985185,0.42,89664,0.27,43237,0.15,17678,0.6,753159,0.79,3371,0.2
9/27/2020,846179,0.33,576684,0.52,39994,0.4,28481,0.27,9491,0.55,731091,0.83,5,0
9/26/2020,1120143,0.35,755197,0.54,47169,0.4,35772,0.23,12128,0.71,824515,0.86,32,0.01
9/25/2020,1761591,0.31,1110956,0.48,92506,0.28,49819,0.17,21233,0.72,912599,0.96,3708,0.22
9/24/2020,1722364,0.3,1107707,0.48,89129,0.27,42969,0.15,21554,0.73,857578,0.9,3816,0.22
9/23/2020,1735333,0.3,1119904,0.48,88998,0.27,42506,0.15,22501,0.76,834469,0.88,3710,0.22
9/22/2020,1698504,0.29,1095678,0.47,87376,0.27,41389,0.14,21103,0.71,808351,0.85,3821,0.22
9/21/2020,1624139,0.28,1058256,0.46,89706,0.27,41901,0.15,19488,0.66,788505,0.83,3497,0.2
9/20/2020,827605,0.33,558863,0.51,38973,0.39,26329,0.25,9269,0.54,705596,0.8,760,0.26
9/19/2020,1136947,0.35,752437,0.54,46777,0.4,34609,0.23,12246,0.71,802614,0.84,1001,0.24
9/18/2020,1725443,0.3,1083295,0.47,90657,0.28,48213,0.17,20702,0.7,894931,0.94,3367,0.2
9/17/2020,1692368,0.29,1094592,0.47,86854,0.27,42339,0.15,21005,0.71,848024,0.89,3617,0.21
9/16/2020,1686909,0.29,1097389,0.47,87034,0.27,41417,0.14,22070,0.74,816708,0.86,3496,0.2
9/15/2020,1678078,0.29,1091806,0.47,87025,0.27,41288,0.14,20763,0.7,815700,0.86,3696,0.22
9/14/2020,1604381,0.28,1065601,0.46,89498,0.27,41286,0.14,19888,0.67,799573,0.84,3515,0.21
9/13/2020,796740,0.31,557231,0.51,36686,0.37,24009,0.23,9315,0.54,703809,0.8,4,0
9/12/2020,1083698,0.34,752875,0.54,44546,0.38,32400,0.21,12349,0.72,800190,0.84,29,0.01
9/11/2020,1690334,0.29,1070920,0.46,88582,0.27,47781,0.17,20809,0.7,895766,0.94,3442,0.2
9/10/2020,1543662,0.27,997030,0.43,82142,0.25,39296,0.14,20181,0.68,801431,0.84,3403,0.2
9/9/2020,1610076,0.28,1072887,0.46,86063,0.26,41954,0.15,21801,0.73,825412,0.87,3586,0.21
9/8/2020,1555816,0.27,1039401,0.45,90603,0.28,42963,0.15,19806,0.67,833996,0.88,3496,0.2
9/7/2020,870964,0.34,615802,0.56,80050,0.81,27326,0.26,9261,0.31,697865,0.79,1210,0.41
9/6/2020,819409,0.32,559273,0.51,44727,0.45,28566,0.27,10160,0.59,753036,0.85,191,0.07
9/5/2020,1013725,0.31,715922,0.51,50550,0.43,34622,0.23,12118,0.71,798823,0.84,21,0.01
9/4/2020,1568385,0.27,1030811,0.44,88345,0.27,47153,0.16,20223,0.68,936602,0.98,3148,0.18
9/3/2020,1529185,0.26,1022623,0.44,82554,0.25,39920,0.14,19992,0.67,869126,0.91,3327,0.19
9/2/2020,1487969,0.26,972213,0.42,77585,0.24,36160,0.13,19990,0.67,810144,0.85,3192,0.19
9/1/2020,1469274,0.25,947758,0.41,76483,0.23,36035,0.12,18929,0.64,809685,0.85,3217,0.19
8/31/2020,1397264,0.27,787291,0.39,78122,0.25,37727,0.14,18185,0.65,817544,0.84,3184,0.24
8/30/2020,748061,0.31,16027,0.01,45147,0.43,26521,0.26,9752,0.54,805096,0.87,825,0.23
8/29/2020,773667,0.26,14035,0.01,37641,0.28,22235,0.15,9814,0.59,645956,0.67,798,0.17
8/28/2020,1388583,0.27,31956,0.02,76114,0.24,41222,0.15,18845,0.67,899892,0.93,2716,0.2
8/27/2020,1358272,0.26,33969,0.02,73060,0.23,35551,0.13,19271,0.69,847285,0.87,2856,0.21
8/26/2020,1407639,0.27,35975,0.02,76583,0.24,36621,0.13,20659,0.74,859625,0.88,3012,0.23
8/25/2020,1346490,0.26,34993,0.02,73331,0.23,35689,0.13,18682,0.67,821597,0.85,2845,0.21
8/24/2020,1307345,0.25,34021,0.02,75145,0.24,35904,0.13,17643,0.63,815665,0.84,2756,0.21
8/23/2020,671560,0.28,9698,0.01,37891,0.36,22497,0.22,8297,0.46,737097,0.8,633,0.18
8/22/2020,882522,0.3,13705,0.01,49095,0.37,27785,0.18,11456,0.69,812308,0.85,871,0.18
8/21/2020,1387463,0.27,31342,0.02,76062,0.24,41110,0.15,19035,0.68,909773,0.94,2769,0.21
8/20/2020,1410489,0.27,35059,0.02,75643,0.24,37078,0.14,19344,0.69,889782,0.92,2960,0.22
8/19/2020,1292148,0.25,34181,0.02,70104,0.22,34377,0.13,19915,0.71,816805,0.84,2783,0.21
8/18/2020,1369617,0.27,36646,0.02,74213,0.24,34361,0.13,19274,0.69,838008,0.86,2951,0.22
8/17/2020,1304485,0.25,34768,0.02,74453,0.24,35362,0.13,17377,0.62,806108,0.83,3058,0.23
8/16/2020,554451,0.23,8603,0.01,29858,0.29,18165,0.17,7902,0.44,620686,0.67,529,0.15
8/15/2020,860789,0.29,15522,0.01,46806,0.35,27678,0.18,11487,0.69,804346,0.84,974,0.21
8/14/2020,1355786,0.26,32713,0.02,72916,0.23,39342,0.14,18113,0.65,893657,0.92,3012,0.23
8/13/2020,1291277,0.25,34723,0.02,69223,0.22,33823,0.12,18608,0.67,819019,0.84,2971,0.22
8/12/2020,1298963,0.25,36053,0.02,68345,0.22,33736,0.12,19346,0.69,800865,0.82,3124,0.23
8/11/2020,1319814,0.26,36426,0.02,72436,0.23,33509,0.12,18546,0.66,821976,0.85,3164,0.24
8/10/2020,1275268,0.25,34883,0.02,73548,0.24,33501,0.12,18178,0.65,826001,0.85,2995,0.22
8/9/2020,662993,0.28,11534,0.01,37616,0.36,20503,0.2,8287,0.46,744618,0.81,649,0.18
8/8/2020,833287,0.28,15143,0.01,41729,0.31,23514,0.15,10613,0.64,730739,0.76,806,0.17
8/7/2020,1283894,0.25,32170,0.02,65969,0.21,32882,0.12,17502,0.63,844097,0.87,2741,0.2
8/6/2020,1334694,0.26,37059,0.02,66671,0.21,28283,0.1,19117,0.68,847497,0.87,3125,0.23
8/5/2020,1348202,0.26,38283,0.02,58005,0.19,26598,0.1,18299,0.66,847330,0.87,2824,0.21
8/4/2020,1027187,0.2,29426,0.01,36835,0.12,22286,0.08,14924,0.53,577415,0.59,1499,0.11
8/3/2020,1272996,0.25,36945,0.02,70779,0.23,32884,0.12,17594,0.63,818732,0.84,2955,0.22
8/2/2020,590060,0.25,9874,0.01,30502,0.29,17886,0.17,7431,0.41,648735,0.7,615,0.17
8/1/2020,842468,0.29,16087,0.01,44405,0.33,26261,0.17,10685,0.64,799745,0.83,904,0.19
7/31/2020,1258539,0.24,29917,0.01,67648,0.21,38041,0.13,17654,0.62,859774,0.89,2429,0.18
7/30/2020,1270172,0.24,33982,0.02,68958,0.22,34123,0.12,17333,0.61,820275,0.85,2746,0.2
7/29/2020,1296102,0.25,35257,0.02,69995,0.22,33734,0.12,18216,0.64,816959,0.85,2778,0.2
7/28/2020,1241770,0.24,33753,0.02,66687,0.21,31678,0.11,16892,0.6,782226,0.81,2635,0.19
7/27/2020,1203503,0.23,32072,0.02,70114,0.22,31569,0.11,16607,0.59,793225,0.83,2626,0.19
7/26/2020,606910,0.26,9711,0.01,36164,0.35,20170,0.19,7429,0.45,697533,0.79,542,0.15
7/25/2020,816604,0.29,14777,0.01,43340,0.34,25173,0.16,10350,0.65,769898,0.83,799,0.16
7/24/2020,1218138,0.23,29987,0.01,65889,0.21,36640,0.13,17311,0.61,826030,0.86,2511,0.18
7/23/2020,1233795,0.23,33999,0.02,65637,0.21,32976,0.12,17056,0.6,791577,0.82,2632,0.19
7/22/2020,1233668,0.23,33863,0.02,65348,0.21,32486,0.11,17582,0.62,784013,0.82,2716,0.2
7/21/2020,1241819,0.24,32482,0.02,67594,0.21,33214,0.12,16831,0.59,792955,0.82,2725,0.2
7/20/2020,1156735,0.22,30196,0.01,67721,0.21,32280,0.11,15957,0.56,770607,0.8,2428,0.18
7/19/2020,584994,0.25,9845,0.01,36429,0.35,18675,0.18,7052,0.43,696110,0.79,504,0.14
7/18/2020,778936,0.28,14335,0.01,41235,0.32,24071,0.16,9785,0.62,747445,0.81,786,0.15
7/17/2020,1207265,0.23,29696,0.01,64806,0.2,35415,0.13,16401,0.58,819471,0.85,2427,0.18
7/16/2020,1249128,0.24,34199,0.02,66732,0.21,33259,0.12,17230,0.61,819850,0.85,2756,0.2
7/15/2020,1248413,0.24,34701,0.02,66549,0.21,32604,0.12,18149,0.64,803399,0.84,2751,0.2
7/14/2020,1241080,0.24,35391,0.02,66321,0.21,31922,0.11,17081,0.6,794838,0.83,2669,0.19
7/13/2020,1175700,0.22,33302,0.02,66384,0.21,31876,0.11,15928,0.56,756123,0.79,2504,0.18
7/12/2020,628187,0.27,10966,0.01,34905,0.33,19860,0.19,7395,0.45,703590,0.8,731,0.2
7/11/2020,692977,0.25,12872,0.01,30059,0.24,18684,0.12,8453,0.53,625288,0.68,812,0.16
7/10/2020,1030632,0.2,25544,0.01,55929,0.18,29683,0.1,15738,0.56,712635,0.74,2117,0.15
7/9/2020,1211280,0.23,34762,0.02,65483,0.21,31914,0.11,17017,0.6,818034,0.85,2571,0.19
7/8/2020,1172279,0.22,34242,0.02,63048,0.2,30174,0.11,16980,0.6,758208,0.79,2454,0.18
7/7/2020,1157185,0.22,33595,0.02,61756,0.2,30507,0.11,16003,0.56,749833,0.78,2403,0.17
7/6/2020,1084956,0.21,31548,0.02,63862,0.2,30557,0.11,14886,0.53,750584,0.78,2222,0.16
7/5/2020,533692,0.23,9832,0.01,34569,0.33,19137,0.18,6280,0.38,659099,0.75,528,0.15
7/4/2020,591605,0.21,10769,0.01,38388,0.3,22085,0.14,8391,0.53,569212,0.62,690,0.14
7/3/2020,851877,0.36,16862,0.02,56181,0.54,32050,0.3,10915,0.38,713240,0.81,1138,0.32
7/2/2020,1170483,0.22,32730,0.02,64261,0.2,31948,0.11,15981,0.56,881471,0.92,2365,0.17
7/1/2020,1120537,0.21,32921,0.02,56505,0.18,27770,0.1,16451,0.58,779409,0.81,2305,0.17
6/30/2020,1113124,0.2,33996,0.02,57955,0.17,27077,0.09,15291,0.52,758785,0.77,2386,0.15
6/29/2020,1100769,0.2,33264,0.02,63309,0.19,28163,0.1,14705,0.5,767165,0.78,2317,0.14
6/28/2020,535898,0.2,10167,0.01,25680,0.26,15919,0.15,5748,0.32,623131,0.67,590,0.15
6/27/2020,615398,0.19,12942,0.01,26773,0.22,17933,0.11,8541,0.49,630731,0.64,686,0.14
6/26/2020,1102382,0.2,30480,0.01,55647,0.17,29700,0.1,15048,0.51,830887,0.85,2115,0.13
6/25/2020,1078796,0.19,32393,0.02,53444,0.16,25644,0.09,14854,0.51,781618,0.79,2210,0.14
6/24/2020,1068333,0.19,32504,0.02,52354,0.16,25277,0.09,15155,0.52,752750,0.77,2194,0.14
6/23/2020,1050786,0.19,32305,0.02,52898,0.16,24909,0.08,15069,0.51,744822,0.76,2219,0.14
6/22/2020,1000046,0.18,30863,0.01,53878,0.16,25367,0.09,13314,0.45,733291,0.75,2027,0.13
6/21/2020,449497,0.17,9072,0.01,27094,0.28,16720,0.15,6328,0.35,654914,0.71,,
6/20/2020,576075,0.18,11899,0.01,28959,0.24,18560,0.12,8185,0.47,666226,0.68,22,0
6/19/2020,986929,0.38,25578,0.02,50201,0.51,27772,0.25,13868,0.47,797519,0.86,1751,0.45
6/18/2020,942382,0.17,27516,0.01,47851,0.14,24081,0.08,13808,0.47,729487,0.74,1936,0.12
6/17/2020,948461,0.17,27924,0.01,47166,0.14,24167,0.08,14595,0.5,709680,0.72,1857,0.11
6/16/2020,932671,0.17,28049,0.01,46876,0.14,22555,0.08,12939,0.44,695359,0.71,1874,0.12
6/15/2020,897112,0.16,27057,0.01,47545,0.14,22841,0.08,12953,0.44,674785,0.69,1813,0.11
6/14/2020,430439,0.16,8731,0.01,20859,0.21,13795,0.13,5195,0.29,563725,0.61,7,0
6/13/2020,545316,0.17,12115,0.01,25355,0.21,16675,0.11,7794,0.45,631065,0.64,17,0
6/12/2020,896658,0.16,24459,0.01,45072,0.14,24165,0.08,13224,0.45,765492,0.78,1656,0.1
6/11/2020,818297,0.15,24284,0.01,40961,0.12,19525,0.07,12514,0.43,656696,0.67,1576,0.1
6/10/2020,857015,0.15,26735,0.01,43083,0.13,20518,0.07,13616,0.46,680270,0.69,1767,0.11
6/9/2020,842306,0.15,26247,0.01,42274,0.13,19543,0.07,12869,0.44,680462,0.69,1662,0.1
6/8/2020,804542,0.14,25663,0.01,42630,0.13,20140,0.07,11957,0.41,644830,0.66,1596,0.1
6/7/2020,377990,0.14,7579,0.01,16797,0.17,11231,0.1,4650,0.26,538419,0.58,95,0.02
6/6/2020,464198,0.14,8912,0.01,18090,0.15,12179,0.08,6591,0.38,551793,0.56,9,0
6/5/2020,703576,0.13,16863,0.01,33482,0.1,18065,0.06,11698,0.4,643562,0.65,1249,0.08
6/4/2020,726672,0.13,18538,0.01,29771,0.09,17149,0.06,12000,0.41,650868,0.66,1346,0.08
6/3/2020,681714,0.12,17830,0.01,32523,0.1,15649,0.05,11962,0.41,582624,0.59,1323,0.08
6/2/2020,693760,0.12,16576,0.01,33769,0.1,16295,0.06,11206,0.38,579412,0.59,1516,0.09
6/1/2020,687162,0.12,17833,0.01,34339,0.1,16185,0.05,10760,0.37,595060,0.61,1358,0.08
5/31/2020,344426,0.14,6724,0.01,13554,0.14,9390,0.09,4216,0.25,495488,0.58,2,0
5/30/2020,426737,0.13,9112,0.01,15557,0.13,11003,0.07,6143,0.35,537180,0.56,18,0
5/29/2020,657259,0.11,16378,0.01,25070,0.08,15698,0.05,10185,0.35,598608,0.62,1094,0.06
5/28/2020,658057,0.12,17535,0.01,25175,0.08,14162,0.05,10030,0.34,584629,0.61,1191,0.07
5/27/2020,674465,0.12,17911,0.01,26483,0.08,14433,0.05,11088,0.38,601140,0.62,1240,0.07
5/26/2020,656766,0.11,17819,0.01,26691,0.08,14938,0.05,9875,0.34,587270,0.61,1173,0.07
5/25/2020,393918,0.16,7996,0.01,19321,0.2,12983,0.12,5428,0.18,445015,0.52,441,0.13
5/24/2020,320015,0.13,6642,0.01,11871,0.12,8977,0.09,4117,0.24,461171,0.54,361,0.1
5/23/2020,335830,0.1,7186,0.01,10983,0.09,7613,0.05,5550,0.32,394091,0.41,420,0.09
5/22/2020,633883,0.11,16453,0.01,22830,0.07,14712,0.05,9782,0.33,626984,0.65,1046,0.06
5/21/2020,629298,0.11,17565,0.01,22585,0.07,13295,0.05,9731,0.33,585553,0.61,1069,0.06
5/20/2020,623749,0.11,17674,0.01,22224,0.07,12754,0.04,10224,0.35,542409,0.56,1044,0.06
5/19/2020,610884,0.11,17296,0.01,21599,0.07,12778,0.04,9290,0.32,524483,0.54,1067,0.06
5/18/2020,595469,0.1,17206,0.01,22113,0.07,13142,0.05,8969,0.3,505315,0.53,1036,0.06
5/17/2020,287418,0.12,6504,0.01,8793,0.09,6168,0.06,3577,0.21,391606,0.46,337,0.1
5/16/2020,360844,0.11,8742,0.01,11075,0.09,8100,0.05,5947,0.34,477098,0.5,485,0.1
5/15/2020,587808,0.1,15481,0.01,20092,0.06,12937,0.05,9473,0.32,562991,0.58,976,0.06
5/14/2020,567392,0.1,15905,0.01,19310,0.06,12132,0.04,8855,0.3,520395,0.54,923,0.05
5/13/2020,565377,0.1,16170,0.01,19356,0.06,11931,0.04,9437,0.32,509243,0.53,956,0.05
5/12/2020,553372,0.1,15989,0.01,19018,0.06,11489,0.04,8271,0.28,488406,0.51,914,0.05
5/11/2020,520873,0.09,15176,0.01,18349,0.06,11435,0.04,7636,0.26,458042,0.48,829,0.05
5/10/2020,271947,0.11,6367,0.01,7990,0.08,5879,0.06,3962,0.23,415868,0.49,406,0.12
5/9/2020,316883,0.1,7594,0.01,7651,0.06,6018,0.04,5055,0.29,371426,0.39,489,0.1
5/8/2020,526054,0.09,14571,0.01,15714,0.05,11243,0.04,8656,0.29,483831,0.5,811,0.05
5/7/2020,535073,0.09,16130,0.01,16139,0.05,11248,0.04,8509,0.29,488836,0.51,930,0.05
5/6/2020,508824,0.09,15677,0.01,14489,0.05,10107,0.04,8832,0.3,444179,0.46,822,0.05
5/5/2020,522085,0.09,16377,0.01,13265,0.04,10604,0.04,8445,0.29,462086,0.48,894,0.05
5/4/2020,511866,0.09,16315,0.01,11158,0.03,10765,0.04,8287,0.28,447424,0.46,897,0.05
5/3/2020,258865,0.11,6404,0.01,3314,0.03,4839,0.05,3263,0.19,353314,0.41,334,0.09
5/2/2020,325865,0.1,8912,0.01,3959,0.03,5908,0.04,5493,0.32,401938,0.42,489,0.1
5/1/2020,494549,0.09,14893,0.01,6200,0.02,9206,0.03,8332,0.28,445621,0.46,763,0.04
4/30/2020,465869,0.08,14062,0.01,9335,0.03,9971,0.03,7253,0.25,405169,0.43,764,0.05
4/29/2020,477799,0.09,15406,0.01,9100,0.03,10165,0.04,7844,0.27,410502,0.44,790,0.05
4/28/2020,489247,0.09,16380,0.01,9167,0.03,10531,0.04,7542,0.26,436347,0.46,826,0.05
4/27/2020,462888,0.08,15283,0.01,8828,0.03,10243,0.04,6922,0.24,384124,0.41,812,0.05
4/26/2020,218787,0.09,5498,0.01,1903,0.02,3496,0.03,2506,0.13,231541,0.27,309,0.09
4/25/2020,295387,0.09,8832,0.01,2869,0.03,4988,0.03,4719,0.28,350300,0.38,449,0.09
4/24/2020,443956,0.08,14237,0.01,7821,0.03,9722,0.03,7040,0.24,386935,0.41,688,0.04
4/23/2020,453520,0.08,15786,0.01,8425,0.03,9527,0.03,6969,0.24,386938,0.41,780,0.05
4/22/2020,458781,0.08,16487,0.01,8674,0.03,9694,0.03,7496,0.26,398703,0.42,793,0.05
4/21/2020,422107,0.08,15231,0.01,8264,0.03,9374,0.03,6613,0.23,356099,0.38,753,0.05
4/20/2020,437852,0.08,16522,0.01,8912,0.03,10063,0.04,7050,0.24,371776,0.4,770,0.05
4/19/2020,224411,0.09,6929,0.01,2159,0.02,3885,0.04,2742,0.15,276406,0.32,340,0.1
4/18/2020,254453,0.08,8115,0.01,2449,0.02,3966,0.03,4202,0.25,254735,0.28,339,0.07
4/17/2020,432368,0.08,16350,0.01,8271,0.03,9989,0.03,7048,0.24,378350,0.4,738,0.05
4/16/2020,420223,0.08,16632,0.01,8462,0.03,9528,0.03,6563,0.23,346342,0.37,790,0.05
4/15/2020,419059,0.08,16895,0.01,8596,0.03,9492,0.03,6928,0.24,340213,0.36,792,0.05
4/14/2020,430155,0.08,17937,0.01,8816,0.03,9592,0.03,6585,0.23,356104,0.38,791,0.05
4/13/2020,363312,0.07,14408,0.01,8192,0.03,8825,0.03,6205,0.21,284609,0.3,649,0.04
4/12/2020,198399,0.08,7041,0.01,2245,0.02,3281,0.03,2525,0.14,217871,0.25,294,0.09
4/11/2020,257061,0.08,9718,0.01,2749,0.02,4179,0.03,4235,0.25,254755,0.28,406,0.08
4/10/2020,400275,0.07,17135,0.01,8247,0.03,9574,0.03,5378,0.19,314100,0.33,672,0.04
4/9/2020,404635,0.07,18734,0.01,8413,0.03,8931,0.03,6243,0.22,303481,0.32,690,0.04
4/8/2020,427485,0.08,20361,0.01,9039,0.03,9293,0.03,6950,0.24,324882,0.35,721,0.04
4/7/2020,434986,0.08,21623,0.01,9312,0.03,9589,0.03,7041,0.24,335470,0.36,732,0.05
4/6/2020,445454,0.08,22418,0.01,10127,0.03,9832,0.03,7093,0.25,335769,0.36,819,0.05
4/5/2020,227303,0.09,9748,0.01,2969,0.03,3602,0.03,2763,0.15,209152,0.24,300,0.09
4/4/2020,282278,0.09,13168,0.01,3727,0.03,4452,0.03,4375,0.26,243323,0.27,425,0.08
4/3/2020,483357,0.09,24418,0.01,9657,0.03,9770,0.03,7794,0.27,340272,0.36,843,0.05
4/2/2020,485586,0.09,26788,0.01,10057,0.03,9493,0.03,7077,0.24,339734,0.36,882,0.05
4/1/2020,513481,0.09,29373,0.01,10548,0.03,9301,0.03,8151,0.28,342222,0.36,720,0.04
3/31/2020,508106,0.09,32211,0.01,16194,0.05,137464,0.5,7672,0.26,337626,0.37,1043,0.07
3/30/2020,545215,0.1,33659,0.02,19741,0.06,137762,0.5,8084,0.27,344690,0.37,1140,0.07
3/29/2020,263700,0.12,14307,0.01,4358,0.05,18152,0.19,3374,0.19,197154,0.24,419,0.13
3/28/2020,332393,0.11,19745,0.01,5279,0.05,19088,0.14,4491,0.27,240702,0.28,600,0.12
3/27/2020,656817,0.12,45514,0.02,20355,0.06,138903,0.5,8409,0.28,396778,0.43,1495,0.09
3/26/2020,680360,0.12,49970,0.02,23809,0.08,138668,0.5,8795,0.3,390117,0.42,1563,0.1
3/25/2020,690032,0.12,51769,0.02,26143,0.08,138239,0.5,9512,0.32,375767,0.41,1572,0.1
3/24/2020,741587,0.13,60334,0.03,29785,0.1,139194,0.5,9133,0.31,395493,0.43,1727,0.11
3/23/2020,709499,0.13,59321,0.03,30564,0.1,139285,0.51,9902,0.33,361514,0.39,1639,0.1
3/22/2020,408723,0.18,73517,0.07,8891,0.1,20830,0.22,4824,0.27,277051,0.34,641,0.2
3/21/2020,619618,0.2,411491,0.31,12438,0.12,23700,0.17,6467,0.38,382993,0.44,1044,0.21
3/20/2020,1309125,0.24,868602,0.39,50021,0.16,145160,0.53,12744,0.43,563262,0.61,3124,0.2
3/19/2020,1422112,0.26,933602,0.42,59538,0.19,144466,0.52,14116,0.47,569696,0.62,3452,0.22
3/18/2020,1625280,0.29,1059502,0.47,74883,0.24,146118,0.53,15942,0.54,634853,0.69,4133,0.26
3/17/2020,1788786,0.32,1094949,0.49,83578,0.27,147391,0.53,18173,0.61,650445,0.71,4573,0.29
3/16/2020,2178555,0.39,1237309,0.55,119333,0.38,153262,0.56,21145,0.71,708870,0.77,5741,0.36
3/15/2020,1157711,0.51,711555,0.72,33407,0.38,32641,0.35,12480,0.71,535988,0.66,1368,0.43
3/14/2020,1670665,0.54,993287,0.75,44885,0.42,39701,0.29,13394,0.79,631101,0.72,2135,0.42
3/13/2020,3484996,0.63,1715737,0.77,158582,0.51,167176,0.61,26640,0.9,860419,0.93,11769,0.74
3/12/2020,4149505,0.75,1938424,0.86,197178,0.63,169548,0.61,30814,1.04,881188,0.96,14169,0.89
3/11/2020,4697122,0.84,2112967,0.94,245798,0.78,175074,0.63,32198,1.08,866706,0.94,15340,0.96
3/10/2020,4867818,0.87,2111989,0.94,259324,0.83,179050,0.65,31315,1.05,855585,0.93,15805,0.99
3/9/2020,4973513,0.89,2124770,0.95,277001,0.88,183953,0.67,29609,1,860073,0.93,16122,1.01
3/8/2020,2120656,0.93,957163,0.96,81565,0.94,60800,0.64,19477,1.11,765084,0.95,1672,0.53
3/7/2020,2814637,0.92,1249085,0.94,106058,0.98,75839,0.56,18117,1.07,827908,0.95,2445,0.48
3/6/2020,5189447,0.93,2066743,0.92,289171,0.92,205056,0.74,30970,1.04,945408,1.03,15285,0.96
3/5/2020,5496453,0.99,2244515,1,307597,0.98,194387,0.7,33209,1.12,929298,1.01,17203,1.08
3/4/2020,5498809,0.99,2177165,0.97,311662,0.99,192689,0.7,34297,1.15,905558,0.98,17136,1.07
3/3/2020,5481103,0.98,2228608,0.99,319727,1.02,190648,0.69,32767,1.1,882175,0.96,17453,1.09
3/2/2020,5329915,0.96,2209066,0.99,321569,1.03,180702,0.66,30338,1.02,874620,0.95,17140,1.07
3/1/2020,2212965,0.97,984908,0.99,,,55826,0.59,19922,1.13,786961,0.98,1636,0.52
